72909768,שטראוס,ממתקים - נצרת,"פ""ז PLAY 4/18יח/40ג",3.277903772
72917329,שטראוס,ממתקים - נצרת,אגוזי 28 חטיף 45 גרם,1.209849789
72917367,שטראוס,ממתקים - נצרת,טעמי 28 חטיף 40 גר',3.195672887
72917589,שטראוס,ממתקים - נצרת,מקופלת/24חטיף/25גר',3.96141886
72917688,שטראוס,ממתקים - נצרת,אגוזי מגדים 28 חטיף 45 גרם,3.31546929
72917893,שטראוס,ממתקים - נצרת,"פ""ז חלב/24חטיף/45ג",3.015176047
72918104,שטראוס,ממתקים - נצרת,טעמי מגדים 28 חטיף 40 גר',4.473093358
72918388,שטראוס,ממתקים - נצרת,טוויסט/32חטיף/28גר',3.539625695
72940754,שטראוס,מחלבה,מילקי בטעם וניל,2.209882486
72940761,שטראוס,מחלבה,מילקי בטעם שוקולד,1.129220391
72940952,שטראוס,מחלבה,מילקי אקסטרה קצפת,3.71215314
72940976,שטראוס,אחלה,כרוב אדום 250 גרם,3.50993413
72940983,שטראוס,אחלה,חומוס אחלה 250,2.628320874
72941041,שטראוס,מחלבה,מיני מילקי בטעם שוקולד,1.513703594
72961209,תנובה,תנובה,שמנית 15% 200מל בדצ,2.206999057
72961216,תנובה,תנובה,אשל 4.5% 200מל  בדצ,1.267064957
72961223,תנובה,תנובה,גיל 3% 200מל בדצ,2.014345223
72961247,תנובה,תנובה,גיל גביע 125 מל %3,3.680193973
72963104,תנובה,תנובה,חמאה מפוסטרת חבילה 100 גרם,4.230208811
72963128,תנובה,תנובה,חמאה מפוסטרת חבילה 100 בדצ,3.294088392
72963746,תנובה,תנובה,שמנת 15% 200מל,4.035657537
72963753,תנובה,תנובה,שמנת אורגינל של פעם 27% 200מל,4.477011677
72982457,שטראוס,מחלבה,מילקי קל בטעם שוקולד,3.381408756
72983225,שטראוס,מחלבה,מילקי הפוך,3.158430866
72991008,שטראוס,ממתקים - נצרת,"פ""ז קלסיק מגדים/24חט./45גר",2.56903708
72992357,שטראוס,ממתקים - נצרת,"פ""ז ביג בייט 52 גרם/18יח/52גר'",1.023203192
72993637,שטראוס,מחלבה,דני שוקולד,3.553962927
72993637,שטראוס,מחלבה,מעדן שוקולד יעודי,2.817870921
72993767,שטראוס,ממתקים - נצרת,"פ""ז רול חלב אגוזים",3.55631299
72993781,שטראוס,ממתקים - נצרת,פסק זמן רול לבן,2.828726447
72994221,שטראוס,ממתקים - נצרת,פסק זמן גלילית אגוזים מגדים 40ג,1.669582411
013495113506,יוניליוור,קליק,קליק ביסקויט 75ג,2.951060018
13495113513,יוניליוור,קליק,קליק כדורים חלב 75 גר,3.570707693
13495113520,יוניליוור,קליק,קליק קורנפלקס 75 גר,2.573526694
13495113537,יוניליוור,קליק,קליק חום לבן 75 גר,3.744156559
013495113551,יוניליוור,קליק,קליק עוגי חדש 75 גר,2.034821615
013495113582,יוניליוור,קליק,קליק כריות 75 גר,2.046756501
29424001509,מנעמים,מנעמים,ופל מצופית אגוז 400 גר,4.253564309
85678500017,חצר כנרת,חצר כנרת,"מלית תמרים בגביע 450 גרם - כשל""פ",4.412087182
96086000546,מצות אביב,200 גרם,עוגיות גרנולה אורגניות מקמח כוסמין,1.616624411
96086000553,מצות אביב,400 גרם,פתי בר אורגני,2.915341474
96086000560,מצות אביב,200,קרקר חמישה דגנים אורגני,1.904652258
96086000577,מצות אביב,גרם,קרקר כוסמין אורגני,2.540087286
96086000584,מצות אביב,200,קרקר שיפון אורגני,2.786721376
96086000607,מצות אביב,200 גרם,פתי בר אורגני,3.428744853
96086000621,מצות אביב,180 גרם,ביס ביס – ביסקוויט לתינוקות,3.938283048
96086000676,מצות אביב,200 גרם,עוגיות קלות ללא סוכר מקמח כוסמן וצ'יה,3.387609157
96086000966,מצות אביב,200 גרם,קרקר כוסמין מלא ושומשום,4.072498145
96086001512,מצות אביב,200 גרם,עוגיות קלות אביבה ללא סוכר בטעם לימון,1.551985812
96086001529,מצות אביב,200 גרם,עוגיות קלות אביבה ללא סוכר בטעם קפוצ'ינו,2.889129562
729000406410,מלח הארץ,מלח הארץ,מטחנה מלח ים ועשבי תיבול,3.828933718
729000460317,מלח הארץ,מלח הארץ,מלח הארץ - מלח הים האדום 500 גרם גס,4.489291128
729000698642,המברשת רוחמה,המברשת רוחמה,"מברשת שטיפת מכוניות 30 ס""מ",4.015607352
729001596945,ביסקול,מפיץ שטראוס,סוכרזית סוכרלוז  25 שקיות (גרפיקה מנוקדת)- ,2.966589106
729607321637,יקבי ירושלים,שופרסל,"תירוש 750 מ""ל ",4.255019858
787068101237,המברשת רוחמה,המברשת רוחמה,דלי צבעוני 19 ליטר עם מכסה,2.406130229
960860015432,מצות אביב,200 גרם,עוגיות קלות אביבה ללא סוכר מקמח מלא,3.435931828
2900004120573,תנובה,תנובה,פיראוס בולגרית גביע 250 ג %16,3.083905479
7290000040301,תנובה,תנובה,קממבר עין גדי חפיסה 24%,1.002391661
7290000040318,תנובה,תנובה,ברי עדי חפיסה 24%  125 גרם,2.150325773
7290000040974,תנובה,תנובה,חלב טרי דל לקטוז 1 ליטר 2%,5.691316994
7290000041445,תנובה,תנובה,קוטג תנובה גביע 250 גר5% בדצ,5.216645288
7290000041452,תנובה,תנובה,קוטג תנובה גביע 250 גר 9% בדצ,4.095055877
7290000041858,יטבתה,יטבתה,שמנת חמוצה 15% מועשרת מהדרין,3.999212014
7290000041865,יטבתה,יטבתה,לבן 4.5% שומן- מהדרין,3.490519641
7290000041872,יטבתה,יטבתה,לבן 3% שומן- מהדרין,3.495419321
7290000042008,תנובה,תנובה,חלב תנובה טרי שקית 1 ליטר%3,1.512641125
7290000042015,תנובה,תנובה,חלב תנובה טרי שקית 1 ליטר 3% בדצ,2.878824612
7290000042022,תנובה,תנובה,משקה חלב בטעם וניל 1% קרטון 1 ליטר,3.615190773
7290000042176,תנובה,תנובה,חלב תנובה טרי כד 2 ל %1,5.570045317
7290000042244,תנובה,תנובה,חלב תנובה טרי כד 2 ל %3,1.579844649
7290000042404,יטבתה,יטבתה,חלב שקית מהדרין 3% מועשר,6.194521487
7290000042411,יטבתה,יטבתה,חלב 1 ל. 3% קרטון,1.064039059
7290000042435,תנובה,תנובה,חלב תנובה טרי קרט+ פקק 1ל %1,5.196547335
7290000042442,תנובה,תנובה,חלב תנובה טרי קרט+פקק 1ל %3,6.38848991
7290000042466,תנובה,תנובה,משקה חלב מעושר %1 קרטון 1 ליטר,3.558688856
7290000042503,תנובה,תנובה,חלב עמיד קרטון 1ל %3,5.223443493
7290000042541,תנובה,תנובה,חלב עמיד קרטון דל שומן 1 ל' %1,3.306180966
7290000042640,תנובה,תנובה,חלב עמיד קרטון 250 מל  %3,6.250011712
7290000042671,תנובה,תנובה,חלב עמיד %3 קרטון 1 ל בהכשר בדצ,4.595597673
7290000042961,יטבתה,יטבתה,"מוקה יטבתה קרטון 500 מ""ל מהדרין",5.880953067
7290000043111,תנובה,תנובה,חמאה מפוסטרת חבילה 200 גר,2.67251143
7290000043814,תנובה,תנובה,שמנת להקצפה 38% 250 מל עמיד השף הלבן,2.668863162
7290000043890,תנובה,תנובה,רוויון קרטון 1 ליטר %1.5,1.36169999
7290000043944,תנובה,תנובה,יוגורט תנובה כד 1.5 ליטר  4%,3.261469982
7290000045399,תנובה,תנובה,ניר משולשים 200 %26 טנא,4.357301279
7290000045580,תנובה,תנובה,נעמה חורש משולשים 240 גרם 25%,1.64943692
7290000045771,תנובה,תנובה,יוגורט תנובה כד 3 ליטר 4%,3.52095921
7290000045917,תנובה,תנובה,פרומעז גבינת עזים גליל  23%,1.960106721
7290000046020,תנובה,תנובה,גלבוע חריץ במשקל %22,2.494838792
7290000046327,תנובה,תנובה,גלבוע פרוס 200 גרם %22,3.094538285
7290000046549,תנובה,תנובה,מוצרלה חריץ מהדרין 20%,4.208434086
7290000046563,תנובה,תנובה,פרמזן גבע חריץ 23%,2.58778405
7290000047027,תנובה,תנובה,קצקבל (גלעד) חריץ 28%,6.14616536
7290000047546,תנובה,תנובה,כנען גבינה לבנה  5% 500 גרם ללא מלח,5.146791042
7290000047621,תנובה,תנובה,גבינה לבנה 5% 250 גרם בדצ,1.721534216
7290000047942,תנובה,תנובה,גבינה לבנה 9% 250 גרם בדצ,6.483972157
7290000048185,תנובה,תנובה,גבינה לבנה 5% 250 גרם מהדרין,1.253756164
7290000048192,תנובה,תנובה,גבינה לבנה 9% 250 גרם מהדרין,2.45577832
7290000048277,תנובה,תנובה,קוטג תנובה שקית 2 קג %5,4.777014521
7290000048307,תנובה,תנובה,קוטג תנובה 5% עם זתים 250 גרם,5.745309605
7290000048413,תנובה,תנובה,פיראוס חמד שקית 250 גר %16,5.829317511
7290000048437,תנובה,תנובה,פיראוס צפתית גביע 200 גר %5,4.516087842
7290000048451,תנובה,תנובה,חרמון שקית 250 גר %16,4.846558425
7290000049458,תנובה,תנובה,פיראוס פטה עזים 16% גביע 250 גרם,6.198828405
7290000050270,תנובה,תנובה,פיראוס צפתית עיזים 5% שומן גביע 200גרם,5.566260285
7290000050300,תנובה,תנובה,גבינה לבנה 5% גביע 125 גרם,4.336231973
7290000050966,תנובה,תנובה,גבינה לבנה 5% 850 גרם בדצ,2.167735086
7290000051352,תנובה,תנובה,חלב מלא בטעם של פעם 1ליטר לפחות 3.4%שומן,1.387398358
7290000052298,תנובה,תנובה,משקה מוקה תנובה 1 ליטר בקבוק,2.646688014
7290000052311,תנובה,תנובה,עמק לייט פרוס 200 גרם 15%,3.974168658
7290000052663,תנובה,תנובה,מאגדת גבינה לבנה 2*250 גרם5%מהדרין,3.565305115
7290000052717,תנובה,תנובה,קוטג עם שום שמיר 5% 250 גרם,4.706593505
7290000053127,תנובה,תנובה,עמק חריץ 15% במשקל,4.496817208
7290000053219,תנובה,תנובה,*חריץ טל העמק 32% שומן,5.282447126
7290000053998,תנובה,תנובה,מאגדת יופלה טבעי לבן  8*150גרם בדצ,2.15122582
7290000054995,תנובה,תנובה,פיראוס יוגורט עיזים טבעי שתיה קרטון 500מ,4.151854918
7290000055015,תנובה,תנובה,פיראוס פטה כבשים 5% 250 גרם,4.469410623
7290000055206,תנובה,תנובה,גבינה לבנה 5% בטעם בצל מטוגן 250 גרם,4.890192166
7290000055350,תנובה,תנובה,*חריץ עמק 28%,4.651085112
7290000055565,אסם,אסם,נסט.שוקו.בננ.בדצ מאח7 5*55ג+5*65ג. קדמ,1.483688644
7290000055756,תנובה,תנובה,מאגדת גבינה תנובה 5% 2*850 גרם בדצ,2.695104826
7290000055893,תנובה,תנובה,חמאה משמנת מפוסטרת 200גרם כ.מהדרין,2.581262821
7290000056272,תנובה,תנובה,גבינה לבנה 5% עם זיתים ירוקים 250 גרם,1.994597698
7290000056753,תנובה,תנובה,עמק 28% 200גר פרוס בדצ בקופסא,5.897635864
7290000056760,תנובה,תנובה,עמק 28% 400גר פרוס בדצ בקופסא,1.876325424
7290000056777,תנובה,תנובה,עמק לייט בדצ פרוס 200 גרם 9%,2.931848779
7290000056784,תנובה,תנובה,פיראוס פטה כבשים 5% למעדניה,2.380009789
7290000056845,תנובה,תנובה,חלב טרי 1.5 ליטר 3% הומוגני קרטון,2.025843359
7290000056906,תנובה,תנובה,מאג 8*150ג יופלה לבן טבעי 1.5% ש,1.018798474
7290000056968,תנובה,תנובה,שמנת 38% להקצפה 500 מל עמיד השף הלבן,2.529094952
7290000057088,תנובה,תנובה,עמק פרוס דק דק 200 גרם 28%,6.047487176
7290000057118,תנובה,תנובה,עמק פרוס סמי מעדנייה 400גרם 28%,3.871731884
7290000057453,תנובה,תנובה,גבינת עמק חריץ 28% בדצ,4.719315669
7290000057477,תנובה,תנובה,חלב טרי 1.5 ליטר 3% הומוגני  בדצ,2.425329762
7290000057934,תנובה,תנובה,שוקו תנובה 1 ליטר בדצ,4.752283476
7290000058047,תנובה,תנובה,שמנת להקצפה 38% 500מל מהדריןעמידהשף הלבן,2.77682413
7290000058283,תנובה,תנובה,גבינת עיזים למריחה 5% 240 גרם פיראוס,3.157265119
7290000058580,אסם,אסם,נסטלה קוקילידה 28*80גרם,1.127480602
7290000058863,תנובה,תנובה,צפתית 9% דליקטס 200 גר פיראוס,5.271062363
7290000058979,תנובה,תנובה,גיל בטעם תות 3% 125 גרם,3.916587151
7290000060071,אסם,אסם,אסם חטיפי פריכונים טבעי 12*80גרם,4.76523138
7290000060088,אסם,אסם,אסם בייגלה מקלות מלוחים 12*400גרם,5.469518759
7290000060156,אסם,אסם,אסם אטריות ביצים דקות 12*200גרם,4.380739013
7290000060163,אסם,אסם,אסם אטריות דקות 12*400גרם,4.248611702
7290000060200,אסם,אסם,אסם פתיתים אפויים קוסקוס 12*500גרם,3.235177738
7290000060385,אסם,אסם,אסם אינסטנט פודינג וניל 9*320גרם,5.952465239
7290000060408,אסם,אסם,אסם פתיתים אפויים טבעות 12*500גרם,3.273719755
7290000060446,אסם,אסם,אסם ג'לי תות מאח.9*360גרם,3.246285319
7290000060576,אסם,אסם,אסם פתיתים אפויים כוכבים 12*500גרם,5.442349606
7290000060811,אסם,אסם,אקסטרים ענק מטבע שוקולד 18*120גרם,2.46983305
7290000060903,אסם,אסם,אסם פתיתים אפויים אורז 12*500גרם,3.365715571
7290000060958,אסם,אסם,אסם אטריות בינוניות 12*400גרם,4.799246684
7290000060965,אסם,אסם,אסם אטריות רחבות 12*400גרם,5.170423347
7290000061061,אסם,אסם,אסם קרקר בצל 12*250גרם,1.430269431
7290000061085,אסם,אסם,אסם רוטב צ'ילי מתוק 9*290מל,4.492452077
7290000061108,אסם,אסם,אסם רוטב טריאקי 9*290מל,5.702620223
7290000061214,אסם,אסם,אסם פתיתים קוסקוס עם בצל 12*500גרם,4.108940965
7290000061245,אסם,אסם,אסם עוגיות שוקוצ'יפס ממולאות 12*220גרם,2.62643514
7290000061283,אסם,אסם,אסם שקדי מרק רכיבים טבע.12*500גרם קדמ25%,3.073663575
7290000061450,אסם,אסם,אסם פתיתים קוסקוס 3 צבעים 12*500גרם,1.90032255
7290000062129,אסם,אסם,אסם פודינג אינסטנט וניל 6*1קג,2.326641693
7290000062242,אסם,אסם,דובונים שמנת בצל 30*40גרם,3.965228188
7290000062709,אסם,אסם,לחמית שיפון 4*920גרם,4.203214413
7290000063027,אסם,אסם,לחמית ללא גלוטן 4*1קג.חדש07,6.474097023
7290000063096,אסם,אסם,אסם קטשופ מארז אחיד 6 2*750גרם,4.855907684
7290000063102,אסם,אסם,אסם קמח עוגה תופח מאליו 20*350גרם,2.056796541
7290000063133,אסם,אסם,אסם שקדי מרק רכיבים טבעיים 24*100גרם,4.75545377
7290000063140,אסם,אסם,אסם שקדי מרק רכיבים טבעיים 12*400גרם,3.084909716
7290000063157,אסם,אסם,אסם קמח עוגה תופח מאליו 10*1קג,6.104253284
7290000063294,אסם,אסם,ויטמינצ'יק ענבים 6*2ליטר,1.663676625
7290000063300,אסם,אסם,ויטמנצ'יק פטל 6*2ליטר,4.954459234
7290000064321,אסם,אסם,אסם מג'דרה אורז ועדשים 7*145גרם,1.45638645
7290000064499,אסם,אסם,אסם קוסקוס עם ירקות 7*140גרם,5.819394765
7290000064505,אסם,אסם,אסם פתיתים אפויים עם ירקות 7*130גרם,4.450073118
7290000064758,אסם,אסם,אסם קוסקוס אמיתי 12*350גרם,3.776755622
7290000064871,אסם,אסם,מנה חמה פירה תפוא.ובצל 12*56גרם,3.047448415
7290000065090,אסם,אסם,אסם מיני קרוטונים למרק וסלט 12*400גרם,5.265847807
7290000065335,אסם,אסם,מנה חמה פירה וירקות 12*55גרם,5.752306887
7290000065540,אסם,אסם,מנה חמה פסטה מוקרמת בדץ 12*55גרם,4.652503261
7290000065557,אסם,אסם,מנה חמה קוסקוס וירקות בדצ 12*84גרם,5.895000447
7290000065663,אסם,אסם,אסם רוטב לסלט קיסר 9*290מל,5.946448875
7290000065717,אסם,אסם,ויטמינצ'יק פטל 12*1ליטר,3.572375501
7290000065724,אסם,אסם,ויטמינצ'יק לימון 12*1ליטר,1.610149834
7290000065748,אסם,אסם,ויטמינצ'יק אננס 12*1ליטר,2.449369135
7290000065977,אסם,אסם,אסם חטיפי פריכונים תירס שומשום 12*80גרם,6.218759806
7290000066134,אסם,אסם,ביסלי פלאפל 24*70גרם-חדש,2.519761977
7290000066141,אסם,אסם,ביסלי גריל 48*70גרם,3.814449867
7290000066158,אסם,אסם,ביסלי בצל 24*67גרם,3.139356577
7290000066165,אסם,אסם,ביסלי ברביקיו 48*67גרם,5.665454025
7290000066172,אסם,אסם,ביסלי פיצה 24*70גרם,2.246925557
7290000066189,אסם,אסם,ביסלי פלאפל 25*200גרם,3.511515552
7290000066196,אסם,אסם,ביסלי גריל 25*200גרם,4.085647003
7290000066196,אסם,אסם,ביסלי גריל 21*240גרם קדמ.20%,3.822664342
7290000066202,אסם,אסם,ביסלי בצל 25*190גרם,2.769424052
7290000066202,אסם,אסם,ביסלי בצל 21*230גרם קדמ.20%,1.216795011
7290000066219,אסם,אסם,ביסלי ברביקיו 25*190גרם,4.835634938
7290000066219,אסם,אסם,ביסלי ברביקיו 21*230גרם קדמ.20%,3.091456283
7290000066226,אסם,אסם,ביסלי פיצה 25*200גרם,3.616741985
7290000066264,אסם,אסם,דובונים 30*40גרם,1.147779448
7290000066264,אסם,אסם,דובונים 30*40גרם קדמ.ש.פ,3.072741484
7290000066295,אסם,אסם,במבה מתוקה מחומרים טבעיים 40*30גרם,4.18070458
7290000066318,אסם,אסם,במבה קלאסי 40*80גרם,5.349520131
7290000066332,אסם,אסם,אפרופו 36*50גרם,3.549600339
7290000066332,אסם,אסם,אפרופו קדמ.36*50גרם,5.068095516
7290000066349,אסם,אסם,אפרופו 20*100גרם,3.703606636
7290000066431,אסם,אסם,פופקו חמאה ודבש 40*80גרם,6.262386777
7290000066516,אסם,אסם,אסם שקדי מרק 3 צבעים 12*400גרם-חדש,1.167900348
7290000066943,אסם,אסם,ויטמינצ'יק ענבים 12*1ליטר,5.185038444
7290000066950,אסם,אסם,ויטמינצ'יק תפוח עץ 12*1ליטר,1.240328985
7290000067070,אסם,אסם,אסם עוגיות מיני ממולאות שוקולד 6*300גרם,4.927085697
7290000067407,אסם,אסם,אסם פירורית מתובל 12*200גרם,2.372114167
7290000067544,אסם,אסם,אסם פירורית פירורי לחם זהב 12*200גרם,3.21252884
7290000067599,אסם,אסם,מנה חמה ספגטי בולונז 12*65גרם,1.865648581
7290000068084,אסם,אסם,אסם פתי בר 4*1.75קג חדש,4.052435304
7290000068138,אסם,אסם,אסם פודינג אינסטנט וניל 12*80גרם,4.205280429
7290000068169,אסם,אסם,אסם פודינג אינסטנט שוקולד 12*95גרם,2.342132097
7290000068190,אסם,אסם,אסם ג'לי תות שדה צבעים טבעיים 12*90גרם,2.837002393
7290000068206,אסם,אסם,אסם ג'לי משמש צבעים טבעיים 12*85גרם,5.916917271
7290000068237,אסם,אסם,אסם ג'לי פטל צבעים טבעיים 12*85גרם,1.626136549
7290000068251,אסם,אסם,אסם ג'לי אננס צבעים טבעיים 12*85גרם,4.191712135
7290000068701,אסם,אסם,אסם שקדי מרק רכיבים טבע.מיכל 10*400גרם,2.686006717
7290000068770,אסם,אסם,במבה יום הולדת 40*80גרם,1.022331273
7290000068787,אסם,אסם,במבה יום הולדת 108*25גרם,6.33998717
7290000068893,אסם,אסם,במבה נוגט מאח.8 4*60גרם,4.736219374
7290000069609,אסם,אסם,אסם חטיפי קרקר זעתר 12*300גרם,2.890340621
7290000069661,אסם,אסם,אסם פסטה ברוטב פטריות מוקרם 6*143גרם-חדש,5.284178958
7290000069715,אסם,אסם,אסם חטיפי קרקר מלוח 12*300גרם,6.471396443
7290000069739,אסם,אסם,אסם חטיפי קרקר שומשום 12*300גרם,3.562150414
7290000069920,אסם,אסם,אסם בייגלה טבעות מלח 9*300גרם,2.536928878
7290000070193,אסם,אסם,אסם מרק עוף+אטריות מ.ערב.6 12*55גרם,4.213069706
7290000070308,אסם,אסם,אסם מרק עוף אמיתי 6*400גרם,3.128432585
7290000070322,אסם,אסם,אסם אב.מרק פטריות רכיבים טבעיים 6*400ג,3.500195065
7290000070353,אסם,אסם,אסם אבקת מרק בצל רכיבים טבעיים 6*400ג,3.973238646
7290000070520,אסם,אסם,אסם מרק ירקות מגזר ערבי6 12*50גרם,3.531139495
7290000070919,אסם,אסם,אסם בייגלה רשתות מלח 9*400גרם,3.792175948
7290000071008,אסם,אסם,אסם בייגלה שטוחים מלח 24*60גרם,4.206239954
7290000072067,אסם,אסם,במבה במילוי קרם חלבה 36*60גרם,1.636248088
7290000072203,אסם,אסם,אסם רוטב אלף האיים לסלט 9*290מל,4.935361691
7290000072227,אסם,אסם,אסם רוטב סויה בסגנון סיני 9*290מל-חדש,4.016572956
7290000072241,אסם,אסם,אסם רוטב פיצה 9*290מל,4.01872624
7290000072593,אסם,אסם,לחמית חיטה מלאה דבש 10*200גרם,5.084518742
7290000072623,אסם,אסם,אסם קטשופ בקבוק לחיץ 9*750גרם-חדש,2.118526325
7290000072630,אסם,אסם,אסם קטשופ חריף 9*750גרם 2015,4.96236111
7290000072654,אסם,אסם,ג'לי תות מארז לרמאדן 12 4*90גרם,4.184797351
7290000072692,אסם,אסם,אסם רוטב ספגטי 6*500גרם,1.318870001
7290000072890,אסם,אסם,אסם רוטב אלף האיים לייט 9*290מל,5.141160693
7290000072913,אסם,אסם,אסם רוטב שום לייט 9*290מל,4.473664031
7290000073125,אסם,אסם,מנה חמה פסטה עם עגבניות ר.טבע. בדץ12*62ג,2.267684223
7290000073415,אסם,אסם,מנה חמה פסטה ברוטב פיצה 12*61גרם,6.15054598
7290000073699,אסם,אסם,סלטי צבר חומוס חלק 6*150גרם,1.898087385
7290000073835,אסם,אסם,ציפסי מאח.12 4*50גרם,5.449629744
7290000073972,אסם,אסם,סלטי צבר טחינה 6*150ג,5.636136591
7290000074153,אסם,אסם,אסם פתי בר שוקו 12*500גרם,4.201610622
7290000074177,אסם,אסם,אסם פתי בר 12*250גרם,5.247941517
7290000074184,אסם,אסם,אסם פתי בר 12*500גרם,2.474444539
7290000074245,אסם,אסם,אסם קרם קרקר 12*250גרם,1.96653045
7290000074245,אסם,אסם,אסם קרם קרקר קדמ.מדבקה 12*250גרם,3.336262356
7290000074252,אסם,אסם,אסם קרקר שומשום 12*250גרם,4.120150467
7290000074276,אסם,אסם,אסם קרקר פיקנטי 12*250גרם,2.660032229
7290000074290,אסם,אסם,לחמית סובין חיטה 10*230גרם,5.345077772
7290000074337,אסם,אסם,לחמית חיטה מלאה דל נתרן 10*250גרם,6.245528058
7290000074375,אסם,אסם,אסם קרקר זהב 12*150גרם,4.254897353
7290000074375,אסם,אסם,אסם קרקר זהב קדמ מדבקה 12*150גרם,4.974081998
7290000074481,אסם,אסם,לחמית אגוזים 12*160גרם,1.060531352
7290000074641,אסם,אסם,סלטי צבר כרוב אדום 6*140גרם,5.798252105
7290000074658,אסם,אסם,אסם פתי בר 4*1קג,2.775671534
7290000074696,אסם,אסם,אסם קרם קרקר 4*1קג חדש,3.522204555
7290000074702,אסם,אסם,אסם קרקר שומשום 4*1קג,5.307463068
7290000074733,אסם,אסם,לחמית סובין חיטה 4*920גרם,6.171928992
7290000074740,אסם,אסם,לחמית חיטה מלאה 4*1קג חדש,3.332891582
7290000074764,אסם,אסם,אסם קרקר זהב 4*900גרם,4.748997037
7290000075143,אסם,אסם,אסם עוגיות שוקוצ'יפס קלאסי 12*200גרם,4.492545486
7290000075204,אסם,אסם,לחמית חיטה מלאה 10*250גרם חדש,2.304986414
7290000075204,אסם,אסם,לחמית חיטה מלאה קדמ מדבקה 10*250גרם,1.730960512
7290000075693,אסם,אסם,הבית עוגת שמרים בריוש שוקולד 8*360גרם,5.133000853
7290000076126,אסם,אסם,אסם בייגלה שמיניות קטנות 24*80גרם,4.972284887
7290000076133,אסם,אסם,אסם בייגלה שמיניות קטנות 12*400גרם,1.827029451
7290000077017,אסם,אסם,אסם קרמוגית במילוי שוקולד 12*200גרם,5.527735282
7290000077253,אסם,אסם,לחמית כפרית 12*190גרם,2.589925419
7290000077253,אסם,אסם,לחמית כפרית קדמ.מדבקה 12*190ג.2017,3.128196909
7290000077642,אסם,אסם,אסם ג'לי תות צבעים טבעיים 6*1קג,5.135456761
7290000079233,אסם,אסם,אסם קרם קרקר דל נתרן 12*250גרם,5.591897178
7290000080000,אסם,אסם,אסם אורז ספרדי 6*140גרם-חדש,3.482401312
7290000080512,אסם,אסם,צבר סלט תפוח אדמה 6*400גרם-חדש,2.199635911
7290000080536,אסם,אסם,צבר חציל בטעם כבד רפי 6*400גרם-חדש,5.341382303
7290000081168,אסם,אסם,צ'יפסי בטעם קלאסי בדצ 30*50גרם,5.96004182
7290000081663,אסם,אסם,אסם בייגלה טבעות שומשום 12*300גרם,4.731850791
7290000110035,יוניליוור,בלו-בנד,בלו-בנד מרגרינה רגילה עם מלח 200 גרם,5.12880424
7290000110059,יוניליוור,בלו-בנד,בלו-בנד מרגרינה רגילה בלי מלח 200 גרם,4.425271487
7290000110073,יוניליוור,בלו-בנד,בלו-בנד מרגרינה רגילה בטעם חמאה 200 גרם,2.512430144
7290000110844,יוניליוור,תלמה,כיפלי גריל בדצ 70גר,1.939379449
7290000110851,יוניליוור,תלמה,כיפלי בצל 70גר,3.107914216
7290000111063,יוניליוור,תלמה,תלמה מיונז רגיל אמיתי 250 גרם,3.795587546
7290000111117,יוניליוור,בדין,בדין לבן 4 ליטר,4.339476147
7290000111117,יוניליוור,בדין,בדין לבן 4 ליטר,6.377082898
7290000111162,יוניליוור,תלמה,תלמה כמויונז מופחת שומן 500 גרם,5.808980768
7290000111186,יוניליוור,תלמה,תלמה רגיל מיונז אמיתי 500 גרם,2.412021361
7290000111353,יוניליוור,תלמה,מיונז 1קג,5.724998871
7290000111360,יוניליוור,תלמה,תלמה חרדל 250 גרם,4.969813931
7290000111384,יוניליוור,תלמה,תלמה חרדל 550 גרם,3.859963294
7290000112497,יוניליוור,קנור,מרקים רגיל אחר קנור עוף עם אטריות 68 גרם,5.661745863
7290000112503,יוניליוור,קנור,מרקים רגיל אחר קנור עשיר ירקות כפרי 61גר,5.412681441
7290000112510,יוניליוור,קנור,מרקים רגילים אחרים קנור פטריות 83 גרם,5.041861931
7290000112619,יוניליוור,קנור,קנור מרקי תיבול טעם עוף 400 גרם,1.588998713
7290000112770,יוניליוור,קנור,מרק עשיר קנור-אפונה 117 גר,1.573942076
7290000113180,יוניליוור,תלמה,כיפלי צ'יפסים בדץ 50גר,5.072091556
7290000113203,יוניליוור,תלמה,כיפלי צ'יפסים בדץ 50גר,5.303103878
7290000113654,יוניליוור,קנור,מרקי אינסטנט אחרים קנור ירקות 34 גרם,2.60496855
7290000114187,יוניליוור,סיף,סיף ניקוי כללי אורנים 4ל,4.951085097
7290000116136,יוניליוור,דאב,דאב קרם ידיים יבש 100ML,3.008288144
7290000116204,יוניליוור,קנור,קנור בויון דגש 1 קג,2.194048581
7290000116884,יוניליוור,קנור,רוטב ברביקיו 350 גר,5.44940394
7290000116921,יוניליוור,קנור,רוטב צ'ילי מתוק 380 גר,4.112667291
7290000116945,יוניליוור,קנור,קנור רוטב סויה 340 גרם,3.260614961
7290000117171,יוניליוור,קנור,מרקי אינסטנט אחרים קנור בטעם עוף 48 גרם,4.672188691
7290000117720,יוניליוור,קנור,מרקי אינסטנט אחרים קנור פטריות 43 גרם,1.138166224
7290000118277,יוניליוור,קנור,קניידלך 130 גר,5.263294925
7290000118307,יוניליוור,קנור,קנור סחלב 112 גרם,4.676023086
7290000120560,יוניליוור,קליק,קליק חטיפי שוקולד טבלאות 85 גרם,2.688995323
7290000120577,יוניליוור,קליק,קליק חטיפי שוקולד טבלאות 85 גרם,3.574914377
7290000121239,יוניליוור,תלמה,תלמה מיונז מופחת שומן מיוקל 500 גרם,3.236272115
7290000121369,יוניליוור,778,778 ריבות קונפיטורות לייט 300 גרם,3.86256982
7290000121376,יוניליוור,778,778 ריבות קונפיטורות לייט 300 גרם,3.010263596
7290000121383,יוניליוור,778,778 ריבות קונפיטורות לייט 300 גרם,6.297809764
7290000122175,יוניליוור,אפיכול,תמצית וניל 50גר,3.756390768
7290000122243,יוניליוור,אפיכול,תמצית רום 50גר,1.49416659
7290000122649,יוניליוור,פתית,"פתית בצל בד""צ חדש 250 גר",3.306541452
7290000122687,יוניליוור,אפיכול,אפיכול סירופ לעוגה גלידה קמעונאי 600 גרם,3.888711044
7290000122700,יוניליוור,אפיכול,אפיכול סירופ לעוגה גלידה קמעונאי 600 גרם,4.045844821
7290000122830,יוניליוור,קנור,רוטב סצ'ואן 370 גר,4.437650502
7290000123110,יוניליוור,מזולה,מרגרינה דלת שומן מזולה לייט 250 גרם,5.622629513
7290000123158,יוניליוור,מזולה,מזולה טעם חמאה 250 גר,3.0009788
7290000123172,יוניליוור,מזולה,מרגרינה רגילה מזולה 250 גרם,6.040257647
7290000123257,יוניליוור,מזולה,מזולה עם שמן זית 250 גר,3.102255766
7290000123363,יוניליוור,אפיכול,אפיכול מרכיבי אפיה צמקאו קמעונאי 500 גרם,2.096210809
7290000124841,יוניליוור,ורד הגליל,ורד הגליל טבלאות שוקולד 300 גרם,2.895693001
7290000125251,יוניליוור,בדין,בדין שמפו לכביסה עדינה רגיל 2 ליטר,2.433982139
7290000127170,יוניליוור,778,778 ריבות קונפיטורות רגילות 400 גרם,4.912118698
7290000127194,יוניליוור,778,778 ריבות קונפיטורות רגילות 400 גרם,5.290064864
7290000127224,יוניליוור,778,778 ריבות קונפיטורות רגילות 400 גרם,4.258826537
7290000127651,יוניליוור,778,קונפיטורה פובידל 778 340 גר,2.545711846
7290000127705,יוניליוור,ורד הגליל,שוקולד מריר פרוה 600 גר,6.277547428
7290000129099,יוניליוור,קנור,קנור תיבוליות עשבי תיבול 72 גרם,4.128612607
7290000129457,יוניליוור,קנור,קנור קוק-IN-רטבים אבקת פטריות 28 גרם,3.842906213
7290000136004,טמפו,ג'אמפ,ג'אמפ לימונדה 1.5 תריסר,6.287633626
7290000136714,טמפו,ג'אמפ,ג'אמפ דיאט תפוזים 1.5 תריסר,1.425770364
7290000136721,טמפו,ג'אמפ,ג'אמפ תפוזים  1.5 תריסר,5.915982108
7290000136738,טמפו,ג'אמפ,ג'אמפ אשכוליות 1.5 תריסר,3.797414012
7290000136745,טמפו,ג'אמפ,ג'אמפ תות בננה 1.5 תריסר,6.221270737
7290000137513,יוניליוור,קרמיסימו,"קרמיסימו גלידונית 955 מ""ל",6.480963531
7290000137513,יוניליוור,קרמיסימו,"קרמיסימו גלידונית 955 מ""ל",1.624727664
7290000137643,יוניליוור,שטראוס,"שטראוס טעמקור 880 מ""ל",2.908772857
7290000143132,הנקל סוד,טום וג'רי,טום וג'רי שמפו,4.528495278
7290000143149,הנקל סוד,טום וג'רי,טום וג'רי מרכך,1.587883801
7290000143187,הנקל סוד,הוואי שמפו,הוואי שמפו לגבר,5.926093881
7290000143194,הנקל סוד,הוואי שמפו,הוואי שמפו ומרכך 2 ב 1,4.675995812
7290000143200,הנקל סוד,הוואי מרכך,הוואי מרכך לשיער יבש,3.388763132
7290000143217,הנקל סוד,הוואי שמפו,הוואי שמפו לשיער יבש,1.315281971
7290000143255,הנקל סוד,הוואי שמפו,הוואי שמפו לשיער רגיל,4.664080459
7290000143262,הנקל סוד,הוואי לילדים,הוואי שמפו ילדים,5.770308349
7290000143279,הנקל סוד,הוואי שמפו,הוואי שמ.קשקשים ח.סופר,4.966608816
7290000143279,הנקל סוד,הוואי שמפו,הוואי שמפו קשקשים,4.248567222
7290000143286,הנקל סוד,הוואי מרכך,הוואי מרכך רגיל ח סופר,3.455967167
7290000143286,הנקל סוד,הוואי מרכך,הוואי מרכך לשיער רגיל,1.07605234
7290000143293,הנקל סוד,הוואי לילדים,הוואי מרכך ילדים,2.003304989
7290000144467,שמן תעשיות,מותגים שונים,"שמן חמניות בריאות מהטבע ""עץ הזית""",4.542539858
7290000144474,שמן תעשיות,מותגים שונים,"שמן קנולה בריאות מהטבע ""עץ הזית""",6.258425997
7290000144825,שמן תעשיות,מותגים שונים,שמן קנולה בריאות מהטבע + אומגה 9,6.263071599
7290000146645,הנקל סוד,הוואי מוצק,הוואי ס.מ שחור מסתורי,6.309048681
7290000146652,הנקל סוד,הוואי מוצק,הוואי ס.מ  ורוד רומנטי,4.344286512
7290000146669,הנקל סוד,הוואי מוצק,הוואי ס.מ שמיים כחולים,4.954246338
7290000146676,הנקל סוד,הוואי מוצק,הוואי ס.מ לגבר,2.211896921
7290000146683,הנקל סוד,הוואי מוצק,הוואי ס.מ  אפקט דאו',5.884030706
7290000146867,הנקל סוד,טום וג'רי,טום וג'רי ס.נוזלי,3.391616394
7290000146928,הנקל סוד,טום וג'רי,טום וג'רי מ.שינים ענב,2.82491639
7290000146973,עיסא ערטול,עיסא ערטול,מ.שיניין זברה 100 גרם 1/24,4.683566048
7290000146980,עיסא ערטול,עיסא ערטול,משחת שיניים פםלאוריד 1/24,4.702065918
7290000146997,הנקל סוד,טום וג'רי,טום וג'רי מ.שיניים מסט,3.926305097
7290000150277,עוף טוב,עוף טוב,חזה הודו ברביקיו,1.044196346
7290000150352,עוף טוב,עוף טוב,פסטרמה איטלקית,5.761673891
7290000150369,עוף טוב,עוף טוב,פסטרמה מקסיקנית,3.67902264
7290000150451,עוף טוב,עוף טוב,נקניק סלמי איטלקי,4.061999353
7290000150468,עוף טוב,עוף טוב,פסטרמה רומנית,3.910716598
7290000150598,עוף טוב,עוף טוב,נקניק סלמי כפרי פרוס ‏100‏ גר',2.922920032
7290000150642,עוף טוב,עוף טוב,כתף בקר מעושן,5.326152878
7290000150765,עוף טוב,עוף טוב,סלמי תה פרוס 500  + ללא מדבקת מחיר,4.387523773
7290000150925,עוף טוב,עוף טוב,נקניק סלמי ירדן,4.376522311
7290000150956,עוף טוב,עוף טוב,מקלוני קבנוס 160 גרם,2.49030735
7290000150963,עוף טוב,עוף טוב,פסטרמה ג'מבו,4.201686056
7290000151021,עוף טוב,עוף טוב,פסטרמה כפרית - 100גרם (שם חדש),1.640663741
7290000151052,עוף טוב,עוף טוב,פסטרמה בדבש טהור,2.667983202
7290000151106,עוף טוב,עוף טוב,פסטרמה אמריקאית,5.914691151
7290000151281,עוף טוב,עוף טוב,חזה הודו ברביקיו דל שומן,5.801405289
7290000151304,עוף טוב,עוף טוב,פסטרמה מקסיקנית - רובין,6.22338264
7290000151328,עוף טוב,עוף טוב,חזה הודו דל שומן,1.101858566
7290000151397,עוף טוב,עוף טוב,פסטרמה בדבש - רובין,4.912837011
7290000151540,עוף טוב,עוף טוב,פסטרמה הונגרית תיבול כפול,2.678944804
7290000151601,עוף טוב,עוף טוב,פסטרמה בדבש טהור,4.65898678
7290000151885,עוף טוב,עוף טוב,נקניק הודו למקרר,4.07732313
7290000152028,עוף טוב,עוף טוב,חזה הודו מעושן,3.307281493
7290000152288,עוף טוב,עוף טוב,נקניקיות עוף 400 גר',5.670119212
7290000152462,עוף טוב,עוף טוב,נקניק סלמי 700 גר' יחידות רובין,1.654611206
7290000152608,עוף טוב,עוף טוב,נקניק תה ענק,3.338123956
7290000152615,עוף טוב,עוף טוב,סלמי הונגרי מפולפל,4.869583436
7290000152943,עוף טוב,עוף טוב,מארז מעורב 700 גרם,2.736714997
7290000153445,עוף טוב,עוף טוב,קציצות בקר מתובלות 500 גרם מ-100% רכיבים טבעיים,1.958204954
7290000153469,עוף טוב,עוף טוב,קציצות עוף קלאסיות 600 גרם מ-100% רכיבים טבעיים,4.926638125
7290000153698,עוף טוב,עוף טוב,כתף בקר מפולפל,4.303400839
7290000155524,עוף טוב,עוף טוב,פסטרמה פולנית,6.057134339
7290000155654,עוף טוב,עוף טוב,זוג נקניקיות  2X400 - ש. פרטי,3.090817762
7290000155661,עוף טוב,עוף טוב,רביעיית נקניקיות  4X400,2.729224917
7290000155807,עוף טוב,עוף טוב,מארז נקניקיות וינר 2X500,1.958447055
7290000155814,עוף טוב,עוף טוב,פסטרמה ברביקיו - רובין,2.897881703
7290000155821,עוף טוב,עוף טוב,פסטרמה מעושנת - רובין,1.989876705
7290000155838,עוף טוב,עוף טוב,נקניק סלמי - רובין,4.342433269
7290000156217,עוף טוב,עוף טוב,מקלוני קבנוס,2.753584222
7290000156545,עוף טוב,עוף טוב,פסטרמה מקסיקנית,5.835866865
7290000156729,עוף טוב,עוף טוב,זוגות סלמי+פסטרמה ‏600‏ג' -רובין (משקפיים),5.946406593
7290000156781,עוף טוב,עוף טוב,"שלישיית נקניקיות 1.2 ק""ג ‏‏ רובין",2.909214563
7290000156934,עוף טוב,עוף טוב,פסטרמה כפרית - 400 גרם + ללא מדבקת מחיר,5.834804087
7290000158082,עוף טוב,עוף טוב,שניצל ביתי בציפוי שומשום ללא אנטיביוטיקה ומ-100% רכיבים טבעיים,5.911203505
7290000158105,עוף טוב,עוף טוב,שניצל עוף מיני דינוזאור ללא אנטיביוטיקה ומ-100% רכיבים טבעיים,5.423737705
7290000158211,עוף טוב,עוף טוב,שניצל עוף דק ענק ללא אנטיביוטיקה ומ-100% רכיבים טבעיים,2.554890112
7290000158235,עוף טוב,עוף טוב,שניצל עוף דק צ'יפס ללא אנטיביוטיקה ומ-100% רכיבים טבעיים,6.007990341
7290000158273,עוף טוב,עוף טוב,שניצל עוף ביתי מעודן ללא אנטיביוטיקה ומ-100% רכיבים טבעיים,1.30145768
7290000159010,עוף טוב,עוף טוב,שניצל עוף מיני דובונים ללא אנטיביוטיקה ומ-100% רכיבים טבעיים,5.177728701
7290000159034,עוף טוב,עוף טוב,שניצל עוף ביתי בציפוי קריספי ללא אנטיביוטיקה ומ-100% רכיבים טבעיים,3.523461006
7290000159072,עוף טוב,עוף טוב,שניצלוני עוף ביתי בציפוי שומשום מ-100% רכיבים טבעיים,4.122999996
7290000159096,עוף טוב,עוף טוב,חזה עוף צלוי בתיבול ברביקיו ללא אנטיביוטיקה ומ-100% רכיבים טבעיים,4.065083807
7290000159423,עוף טוב,עוף טוב,קציצות עוף קלאסיות 400 גרם מ-100% רכיבים טבעיים,5.486442854
7290000159447,עוף טוב,עוף טוב,מיני דינוזאור 400 גרם,4.566872261
7290000159515,עוף טוב,עוף טוב,קבנוס מופחת שומן רווי 120 גרם,6.298880149
7290000159539,עוף טוב,עוף טוב,קבנוס מופחת שומן רווי  ספייסי  120 גרם,5.198621709
7290000159591,עוף טוב,עוף טוב,ואקום מהדרין 300 גרם פסטרמה על גחלים ,5.223568465
7290000160252,יוניליוור,דאב,"דאב תרחיץ פנים רגיל 180 מ""ל",4.537333333
7290000160269,יוניליוור,דאב,"דאב תרחיץ פנים רגיש 180 מ""ל",2.852553043
7290000160450,יוניליוור,קנור,קנור תיבול צ'ילי ושום 63 גר,1.280381335
7290000160467,יוניליוור,קנור,קנור תערובת תיבול  גריל 49 גר,5.246842861
7290000160771,יוניליוור,תלמה,כריות וניל 750  גר,4.78724839
7290000161143,יוניליוור,בלו-בנד,בלו-בנד מרגרינה רגילה עם מלח 250 גרם,2.16003968
7290000161150,יוניליוור,בלו-בנד,בלו-בנד מרגרינה רגילה חלבית(ג בנד 250 גר,6.033408837
7290000161167,יוניליוור,בלו-בנד,בלו-בנד מרגרינה רגילה בטעם חמאה 250 גרם,3.217829492
7290000161358,יוניליוור,תלמה,מיונז אמיתי משמן קנולה 500 גר,5.092400308
7290000161648,יוניליוור,קליק,קליק חטיפי שוקולד 40 גרם,2.390791568
7290000162386,יוניליוור,הלמנס,הלמנס לסלט שום 300 גרם,2.266622034
7290000163024,יוניליוור,הלמנס,הלמנס סלט חרדל דבש לייט 305 מל,2.828048145
7290000165202,יוניליוור,בייגל בייגל,קרקר מלוח 120 גר,2.47746127
7290000165219,יוניליוור,בייגל בייגל,קרקר מלוח 120 גר,2.168588244
7290000165509,יוניליוור,פינוק,"פינוק תחליב רחצה ילדים עם קמומיל 700 מ""ל",1.51236443
7290000166148,יוניליוור,דאב,דאב רחצה תינוק 700ML,2.432272196
7290000166414,יוניליוור,מזולה,מזולה לאפיה 200 ג',1.939559291
7290000166421,יוניליוור,מזולה,מזולה לאפיה 200 ג',4.367239657
7290000166605,יוניליוור,סיף,סיף ניקוי כללי יסמין 4ל,4.851603287
7290000167503,יוניליוור,הלמנס,"הלמנס רטבי סלט רגילים 290 מ""ל",3.387484946
7290000168173,יוניליוור,תלמה,תלמה דגני מבוגרים קראנצ'ים 340ג,2.325161074
7290000168289,יוניליוור,פינוק,פינוק שמפו שמן מרוקאי 700 מל,5.903684753
7290000168296,יוניליוור,פינוק,פינוק מרכך שיער שמן מרוקאי 700 מל,6.48154521
7290000168302,יוניליוור,פינוק,פינוק סבון נוזלי שמן מרוקאי 700 מל,1.004495166
7290000168418,יוניליוור,קנור,"קנור סויה בסגנון סיני מופחת נתרן 300 מ""ל",3.037037854
7290000168425,יוניליוור,קנור,"קנור רוטב תיבול צ'ילי מופחת סוכר 300 מ""ל",5.365999158
7290000169521,יוניליוור,קנור,קנור נמס בכוס ועוד ירקות+קרוטונים 56ג,1.944918504
7290000169538,יוניליוור,קנור,קנור נמס בכוס ועוד עגבניות+קרוטונים 62ג,5.574974172
7290000169798,יוניליוור,תלמה,עוגי 500גר,4.313359398
7290000170053,שטראוס,ממתקים,שוק פרה חלב ללג בדצ,2.996929617
7290000170077,שטראוס,ממתקים - נצרת,שוק פרה מריר ללג בדצ,1.188518895
7290000170275,שטראוס,ממתקים - נצרת,פרה חלב+קרם נוגט/12טבל/100גר,1.531093487
7290000171470,שטראוס,ממתקים - נצרת,כיף כף/24חטיף/45גר',2.260798072
7290000173269,שטראוס,ממתקים - נצרת,"בזוקה מגדים ללג 1.8 ק""ג",3.075769885
7290000174037,שטראוס,ממתקים - נצרת,בפלות לימון 500 גרם בדצ,5.977531934
7290000174099,שטראוס,ממתקים - נצרת,בפלות בטעם שוקולד 500 ג' בדצ,1.243881619
7290000175027,שטראוס,ממתקים - נצרת,ממרחית 500 ג ווסטהיים,1.722157525
7290000175027,שטראוס,ממתקים - נצרת,ממרחית מדבקה 500 ג ווסטהיים,5.922871077
7290000176857,שטראוס,ממתקים - נצרת,שוק' פרה לבן / 24 יח',2.323128956
7290000178103,שטראוס,ממתקים - נצרת,מאג 4 פרה חלב ללג בדצ,4.205970324
7290000178103,שטראוס,ממתקים,מאג 4 פרה חלב מדבקה ללג בדצ,3.727935747
7290000178134,שטראוס,ממתקים - נצרת,מאג 4 פרה מריר ללג בדצ,2.567380515
7290000179445,שטראוס,ממתקים - נצרת,בזוקה מגדים ללג רגיל 30 י/180,1.473923729
7290000180212,שטראוס,ממתקים - נצרת,שוק.פרה מריר+אגוזים/12טבל/100גר',6.013228596
7290000181103,שטראוס,ממתקים - נצרת,עד חצות חלב 2017,1.5258388
7290000182766,שטראוס,ממתקים - נצרת,ממרחית חלב 500 ג ווסטהיים,3.728376355
7290000184708,שטראוס,ממתקים - נצרת,בפלות שוקולד ללס בדצ,3.571728328
